id,gisjoin,dem_m,slope_deg,riverdist,roaddist,renters,total_pop,popden_sqk,area_sqkm,pecb5a65,medinc,dem_class,slope_class,soil_class,lulc_class,riverdist_class,road_class,renter_class,popden_class,b5a65_class,medinc_class,physical_comb,social_comb,both_indicator
0,G19011300002011,258.84,71.59,186.8,633.96,27.35,559,646,0.87,36.49,48565,1,3,2,2,5,4,2,2,4,4,2.6,3.2,2.78
1,G19011300002012,254.14,73.03,153.25,551.66,73.63,985,1548,0.64,32.99,43487,1,2,4,2,5,4,1,3,3,4,2.8,3,2.86
2,G19011300002013,255.59,70.18,257.88,254.2,56.74,1208,1121,1.08,26.24,60863,1,3,3,2,4,1,4,3,3,4,2.6,3,2.72
3,G19011300002014,257.27,71.17,427.83,273.83,21.87,2844,1484,1.92,21.38,75442,1,3,2,2,2,1,2,3,2,3,2,2.2,2.06
4,G19011300002051,238.98,69.64,239.77,376.02,2.6,3020,203,14.87,17.15,177303,1,4,2,2,4,2,1,1,2,1,2.6,1.4,2.24
5,G19011300002052,249.66,70.72,304.79,277.96,0,2043,265,7.7,28.05,126184,1,3,2,2,3,1,1,1,3,2,2.2,1.6,2.02
6,G19011300002091,257.61,76.19,229.4,380.71,2.16,1428,1503,0.95,23.04,171111,1,2,2,2,4,2,1,3,2,1,2.2,1.8,2.08
7,G19011300002092,253.44,78.15,215.44,558.42,5.58,1085,1414,0.77,24.98,95776,1,1,2,2,4,4,1,3,3,2,2,2.6,2.18
8,G19011300002093,251.89,76.23,244.07,346.71,0,2022,1442,1.4,18.5,199688,1,2,2,2,4,2,1,3,2,1,2.2,1.8,2.08
9,G19011300002111,258.49,73.06,161.07,161.04,10.24,1942,2385,0.81,30.95,92987,1,2,2,2,5,1,1,1,3,2,2.4,1.6,2.16
10,G19011300002112,263.65,71.15,275.85,292.72,6.47,2585,1136,2.28,21.66,127689,1,3,2,2,4,2,1,3,2,2,2.4,2,2.28
11,G19011300002113,265.34,67.08,314.19,288.18,5.14,1153,294,3.92,19.95,171818,1,4,2,2,3,2,1,1,2,1,2.4,1.4,2.1
12,G19011300002121,252.19,72.24,195.26,504.08,25.47,1358,1845,0.74,25.33,76908,1,3,2,2,5,3,2,4,3,3,2.6,3,2.72
13,G19011300002122,251.57,72.76,168.98,235.55,60.2,1655,1476,1.12,18.73,70461,1,3,2,2,5,1,4,3,2,3,2.6,2.6,2.6
14,G19011300002131,253.13,71.79,217.59,222.37,72.36,1060,944,1.12,38.58,77730,1,3,2,2,4,1,1,2,4,3,2.4,2.2,2.34
15,G19011300002132,253.37,66.17,340.48,172.02,98.93,1568,534,2.94,7.84,29718,1,4,2,2,3,1,1,1,1,5,2.4,1.8,2.22
16,G19011300003001,246.48,73.17,288.86,292.58,32.24,1093,1311,0.83,19.03,59661,1,2,2,2,3,2,3,3,2,4,2,2.8,2.24
17,G19011300003002,253.7,72.11,376.55,266.31,32.49,1028,646,1.59,26.26,36885,1,3,2,2,3,1,3,2,3,5,2.2,2.8,2.38
18,G19011300003003,248.11,74.07,192.67,328.17,48.33,2221,1993,1.11,17.33,105279,1,2,2,2,5,2,4,4,2,2,2.4,2.8,2.52
19,G19011300003004,245.67,73.52,172.71,452.99,21.92,1937,1322,1.47,30.56,107510,1,2,2,2,5,3,2,3,3,2,2.4,2.6,2.46
20,G19011300006001,248.51,76.8,166.03,646.9,30.79,1429,460,3.11,28.97,61076,1,2,2,2,5,4,2,1,3,4,2.4,2.8,2.52
21,G19011300006002,246.05,74.7,206.6,393.97,50.14,1255,615,2.04,38.33,51176,1,2,2,2,4,2,4,2,4,4,2.2,3.2,2.5
22,G19011300006003,251.87,74.96,363.01,304.88,29.2,570,1446,0.39,14.39,73553,1,2,2,2,3,2,2,3,1,3,2,2.2,2.06
23,G19011300007001,251.63,68.95,290.08,347.53,52.99,790,523,1.51,18.61,54811,1,4,2,2,3,2,4,1,2,4,2.4,2.6,2.46
24,G19011300007002,245.58,73.6,458.45,438.57,38.98,1609,1902,0.85,25.98,60247,1,2,2,2,2,3,3,4,3,4,1.8,3.4,2.28
25,G19011300008001,247.96,70.03,164.85,453,16.23,428,445,0.96,31.31,47700,1,3,2,2,5,3,2,1,3,4,2.6,2.6,2.6
26,G19011300008002,239.5,72.81,116.88,261.8,74.3,1790,1495,1.2,15.2,64710,1,3,2,2,5,1,1,3,1,4,2.6,2,2.42
27,G19011300008003,245.54,71.72,581.33,1161.92,32.66,1573,1477,1.06,18.82,69125,1,3,2,2,1,1,3,3,2,3,1.8,2.4,1.98
28,G19011300008004,239.85,72.22,372.48,377.7,0,558,1159,0.48,35.84,80859,1,3,2,2,3,2,1,3,4,3,2.2,2.6,2.32
29,G19011300009011,253.91,69.57,218.96,220.31,24.04,1227,754,1.63,38.14,56466,1,4,2,2,4,1,2,2,4,4,2.6,2.6,2.6
30,G19011300009012,253.52,71.39,492.59,235.77,2.84,1905,1019,1.87,16.01,71985,1,3,2,2,2,1,1,2,2,3,2,1.8,1.94
31,G19011300009013,256.3,78.71,496.52,410.08,8.94,2882,2033,1.42,29.74,92460,1,1,2,2,2,3,1,4,3,3,1.6,2.8,1.96
32,G19011300009021,251.52,78.93,181.97,486.25,8.02,2384,755,3.16,32.13,97979,1,1,2,2,5,3,1,2,3,2,2.2,2.2,2.2
33,G19011300009022,248.59,81.86,170.62,453.01,31.37,1169,867,1.35,11.8,72625,1,1,2,2,5,3,3,2,1,3,2.2,2.4,2.26
34,G19011300009023,247.65,75.85,197.09,309.04,0,2034,694,2.93,23.89,178578,1,2,3,2,5,2,1,2,2,1,2.6,1.6,2.3
35,G19011300009024,236.19,73.39,251.33,480.46,0,1167,179,6.51,27.42,157396,1,2,2,3,4,3,1,1,3,1,2.4,1.8,2.22
36,G19011300010011,251.38,77.92,277.86,284.68,4.1,1764,702,2.51,21.77,105200,1,1,2,2,4,2,1,2,2,2,2,1.8,1.94
37,G19011300010012,251.39,77.48,189.46,219.85,16.31,1881,689,2.73,25.09,72750,1,1,2,2,5,1,2,2,3,3,2.2,2.2,2.2
38,G19011300010013,234.37,67.86,168.78,352.7,44.8,1408,159,8.85,27.7,68813,1,4,2,3,5,2,3,1,3,3,3,2.4,2.82
39,G19011300010021,255.67,71.88,319.66,430.75,4.78,656,835,0.79,26.52,91771,1,3,2,2,3,3,1,2,3,3,2.2,2.4,2.26
40,G19011300010022,260.18,72.35,325.98,581.91,8,1051,2517,0.42,34.06,57500,1,3,2,2,3,4,1,1,4,4,2.2,2.8,2.38
41,G19011300010023,258.79,74.4,379.22,335.5,27.3,1778,2582,0.69,25.98,67663,1,2,2,2,3,2,2,1,3,3,2,2.2,2.06
42,G19011300010041,250.36,74.37,179.29,521.81,19.73,1225,1693,0.72,35.51,79985,1,2,2,2,5,3,2,4,4,3,2.4,3.2,2.64
43,G19011300010042,253.86,73.84,137.09,341.15,44.87,1502,2747,0.55,18.31,74348,1,2,2,2,5,2,3,1,2,3,2.4,2.2,2.34
44,G19011300010043,256.84,69.26,198.77,184.96,81.35,916,666,1.37,21.62,25761,1,4,2,2,5,1,1,2,2,5,2.8,2.2,2.62
45,G19011300010051,247.16,73.98,270.78,448.12,8.09,1295,2034,0.64,30.42,81563,1,2,2,2,4,3,1,4,3,3,2.2,2.8,2.38
46,G19011300010052,255.3,70.4,289.4,206.05,78,1403,1400,1,36.85,34531,1,3,2,2,3,1,1,3,4,5,2.2,2.8,2.38
47,G19011300011011,236.19,77.22,181.31,1522.08,23.73,2130,1810,1.18,46.2,60658,1,1,2,2,5,1,2,4,4,4,2.2,3,2.44
48,G19011300011012,240.6,77.89,200.95,1294.9,33.33,809,1130,0.72,76.02,48076,1,1,2,2,4,1,3,3,1,4,2,2.4,2.12
49,G19011300011013,249.39,79.76,214.52,688.76,6.83,1281,1220,1.05,31.46,77750,1,1,2,2,4,4,1,3,3,3,2,2.8,2.24
50,G19011300011021,234.28,68.24,198.28,517.79,46.46,1581,542,2.91,23.09,66141,1,4,2,2,5,3,3,2,2,3,2.8,2.6,2.74
51,G19011300011022,251.68,81.22,223.39,633.5,39.91,1850,1431,1.29,31.41,58269,1,1,2,2,4,4,3,3,3,4,2,3.4,2.42
52,G19011300012001,221.46,58.39,148.64,954.94,8.33,651,914,0.71,14.59,73333,1,5,2,2,5,1,1,2,1,3,3,1.6,2.58
53,G19011300012002,220.9,57.35,238.67,801.83,38.22,1064,1221,0.87,17.2,59458,1,5,2,2,4,4,3,3,2,4,2.8,3.2,2.92
54,G19011300013001,233.28,75.62,212.85,299.22,56.98,1070,1304,0.82,13.18,43795,1,2,2,2,4,2,4,3,1,4,2.2,2.8,2.38
55,G19011300013002,245.13,76.69,431.33,1219.98,53.89,1726,2315,0.75,23.7,45688,1,2,2,2,2,1,4,4,2,4,1.8,3,2.16
56,G19011300013003,223.47,48.91,193.18,514.96,54.18,1012,278,3.64,9.88,54500,1,5,1,2,5,3,4,1,1,4,2.8,2.6,2.74
57,G19011300014001,245.69,71.42,552.17,571.81,44.84,938,1230,0.76,9.81,50809,1,3,2,2,2,4,3,3,1,4,2,3,2.3
58,G19011300014002,240.28,70.71,727.29,1029.88,30.02,1617,3076,0.53,27.52,63250,1,3,2,2,1,1,2,1,3,4,1.8,2.2,1.92
59,G19011300014003,238.09,72.32,268.87,1087.76,9.8,1367,1859,0.74,26.7,76447,1,3,2,2,4,1,1,4,3,3,2.4,2.4,2.4
60,G19011300015001,241.14,74.96,234.38,458.05,43.89,1081,1437,0.75,32.75,51006,1,2,2,2,4,3,3,3,3,4,2.2,3.2,2.5
61,G19011300015002,248.72,79.85,206.6,692.4,19.29,1944,438,4.44,51.65,108929,1,1,2,2,4,4,2,1,4,2,2,2.6,2.18
62,G19011300016001,253.78,80.15,278.92,1267.54,2.81,1096,715,1.53,24.64,80708,1,1,2,2,3,1,1,2,3,3,1.8,2,1.86
63,G19011300016002,254.9,72.14,476.05,558.46,21.52,1857,1886,0.98,21.54,95110,1,3,2,2,2,4,2,4,2,2,2,2.8,2.24
64,G19011300016003,256.6,76.22,390.08,379.37,6.32,1065,1750,0.61,34.27,80057,1,2,2,2,3,2,1,4,4,3,2,2.8,2.24
65,G19011300016004,246.14,78.96,346.83,624.03,0,1257,944,1.33,38.58,125536,1,1,2,2,3,4,1,2,4,2,1.8,2.6,2.04
66,G19011300016005,236.64,79.31,245.96,296.74,6.11,399,114,3.49,27.82,101731,1,1,2,3,4,2,1,1,3,2,2.2,1.8,2.08
67,G19011300017001,239.51,74.3,710.33,505.88,10.99,1562,1821,0.86,37,193618,1,2,2,2,1,3,1,4,4,1,1.6,2.6,1.9
68,G19011300017002,237.28,73.22,742.8,1112.07,0,908,3739,0.24,21.59,69125,1,2,2,2,1,1,1,1,2,3,1.6,1.6,1.6
69,G19011300017003,229.83,68.58,327.35,650.9,11.79,657,2032,0.32,12.48,51897,1,4,2,2,3,4,1,4,1,4,2.4,2.8,2.52
70,G19011300017004,248.36,76.23,681.81,551.94,1.78,1412,2172,0.65,24.93,136250,1,2,2,2,1,4,1,4,3,2,1.6,2.8,1.96
71,G19011300017005,233.32,71.6,535.61,437.37,42.12,2352,3624,0.65,19.94,32610,1,3,2,2,2,3,3,1,2,5,2,2.8,2.24
72,G19011300018001,240.33,75.14,339.11,315.43,32.08,1156,2474,0.47,30.71,70417,1,2,2,2,3,2,3,1,3,3,2,2.4,2.12
73,G19011300018002,236.92,72.6,342.46,531.29,43.25,1509,2405,0.63,28.1,36573,1,3,2,2,3,3,3,1,3,5,2.2,3,2.44
74,G19011300018003,228.52,69.73,212.03,445.16,59.09,514,2014,0.26,33.46,37200,1,4,2,2,4,3,4,4,3,5,2.6,3.8,2.96
75,G19011300019001,227.21,67.1,187.67,298.14,58.45,1475,2651,0.56,5.69,31250,1,4,1,2,5,2,4,1,1,5,2.6,2.6,2.6
76,G19011300019002,228.29,66.29,296.07,230.78,84.19,646,2393,0.27,40.25,24750,1,4,1,2,3,1,1,1,4,5,2.2,2.4,2.26
77,G19011300019003,226.09,61.85,263.02,272.21,100,482,491,0.98,21.37,61250,1,5,1,2,4,1,1,1,2,4,2.6,1.8,2.36
78,G19011300022001,220.94,58.43,130.07,251.6,60.81,1241,1295,0.96,10.88,40714,1,5,1,2,5,1,4,3,1,4,2.8,2.6,2.74
79,G19011300022002,222.53,65.16,146.29,442.93,33.04,1365,2317,0.59,16.26,55000,1,4,2,2,5,3,3,1,2,4,2.8,2.6,2.74
80,G19011300023001,225.72,66.79,138.95,358.18,26.35,830,1673,0.5,18.55,58947,1,4,2,2,5,2,2,4,2,4,2.8,2.8,2.8
81,G19011300023002,233.21,72.1,152.59,544.13,11.86,951,1522,0.62,19.45,57875,1,3,2,2,5,4,1,3,2,4,2.6,2.8,2.66
82,G19011300023003,235.99,70.95,164.23,700.5,13.98,1202,1616,0.74,19.63,46980,1,3,2,2,5,4,2,4,2,4,2.6,3.2,2.78
83,G19011300023004,249.22,77.13,284.38,643.69,19.64,1256,2049,0.61,20.62,80000,1,1,2,2,3,4,2,4,2,3,1.8,3,2.16
84,G19011300024001,234.44,70.07,262.36,374.45,33.41,772,877,0.88,32.77,65238,1,3,2,2,4,2,3,2,3,3,2.4,2.6,2.46
85,G19011300024002,248.07,74.34,265.67,267.55,40.12,1977,1568,1.26,18.87,50987,1,2,2,2,4,1,3,3,2,4,2.2,2.6,2.32
86,G19011300024003,249,73.76,305.16,214.34,44.82,1722,1220,1.41,29.15,35714,1,2,2,2,3,1,3,3,3,5,2,3,2.3
87,G19011300025001,229.67,72.26,470.28,164.44,4.68,570,802,0.71,21.05,76343,1,3,2,2,2,1,1,2,2,3,2,1.8,1.94
88,G19011300025002,228.49,67.85,252.84,230.52,21.14,1231,1808,0.68,24.29,60469,1,4,2,2,4,1,2,4,3,4,2.6,2.8,2.66
89,G19011300025003,236.9,74.21,141.16,221.74,24.24,1432,1828,0.78,20.18,60625,1,2,2,2,5,1,2,4,2,4,2.4,2.6,2.46
90,G19011300026001,231.85,69.03,293.73,598.67,69.2,860,458,1.88,29.53,38176,1,4,2,2,3,4,4,1,3,4,2.4,3.2,2.64
91,G19011300026002,220.68,62.38,217.81,702.35,26.22,1241,1286,0.96,19.9,74228,1,4,2,2,4,4,2,3,2,3,2.6,2.8,2.66
92,G19011300027001,227.72,64.69,274.26,227.04,64.49,459,323,1.42,24.18,32750,1,4,1,2,4,1,4,1,3,5,2.4,2.8,2.52
93,G19011300027002,221.59,61.74,139,562.04,78.44,1443,1290,1.12,17.05,41484,1,5,1,2,5,4,1,3,2,4,2.8,2.8,2.8
94,G19011300028001,254.26,78.29,277.13,415.97,21.79,1365,1279,1.07,31.58,56705,1,1,2,2,4,3,2,3,3,4,2,3,2.3
95,G19011300028002,258.75,78.94,190.9,254.33,38.97,911,963,0.95,44.24,52969,1,1,2,2,5,1,3,2,4,4,2.2,2.8,2.38
96,G19011300028003,238.3,72.49,214.45,412.14,34.19,1972,205,9.63,13.49,70757,1,3,2,3,4,3,3,1,1,3,2.6,2.2,2.48
97,G19011300029001,226.48,70.34,157.95,378.16,19.38,1729,798,2.17,37.19,71446,1,3,2,2,5,2,2,2,4,3,2.6,2.6,2.6
98,G19011300029002,241.22,74.6,292.54,383.72,0,809,997,0.81,17.92,79093,1,2,2,2,3,2,1,2,2,3,2,2,2
99,G19011300029003,239.75,76.61,174.2,268.63,43.67,1176,1385,0.85,24.23,56689,1,2,2,2,5,1,3,3,3,4,2.4,2.8,2.52
100,G19011300029004,235.46,68.94,243.96,358.42,62.14,1276,305,4.19,13.48,31418,1,4,2,2,4,2,4,1,1,5,2.6,2.6,2.6
101,G19011300030031,247.66,72.02,205.11,425.27,39.13,1944,494,3.94,15.28,36223,1,3,2,2,4,3,3,1,1,5,2.4,2.6,2.46
102,G19011300030032,242.33,73.68,345.75,370.34,24.58,1894,164,11.57,19.59,106000,1,2,2,1,3,2,2,1,2,2,1.8,1.8,1.8
103,G19011300030033,245.41,79.87,189.49,358.12,0,691,70,9.87,21.42,141161,1,1,2,3,5,2,1,1,2,1,2.4,1.4,2.1
104,G19011300030041,231.96,70.86,296.24,320.93,45.39,249,14,18.35,28.51,98234,1,3,2,2,3,2,3,1,3,2,2.2,2.2,2.2
105,G19011300030042,250.3,76.41,396.68,345.47,15.05,1293,859,1.51,7.97,99543,1,2,2,2,3,2,2,2,1,2,2,1.8,1.94
106,G19011300030043,230.91,71.83,100.46,286.25,55.74,2870,1968,1.46,25.23,71250,1,3,2,2,5,2,4,4,3,3,2.6,3.2,2.78
107,G19011300030051,241.08,76.3,157.35,446.02,5.02,2676,1237,2.16,17,87701,1,2,2,2,5,3,1,3,2,3,2.4,2.4,2.4
108,G19011300030052,236.52,73.63,204.05,242.18,36.89,1198,250,4.79,26.29,101012,1,2,2,2,4,1,3,1,3,2,2.2,2,2.14
109,G19011300030053,246.36,73,166.66,196.67,12.82,1630,798,2.04,31.6,97882,1,2,2,2,5,1,1,2,3,2,2.4,1.8,2.22
110,G19011300030054,252.58,73.31,215.04,206.49,0,797,640,1.25,25.35,54904,1,2,2,2,4,1,1,2,3,4,2.2,2.2,2.2
111,G19011300030061,234.95,68.34,254.49,554.98,5.83,2139,308,6.96,23.7,138047,1,4,2,2,4,4,1,1,2,2,2.6,2,2.42
112,G19011300030062,244.93,75.64,225.28,137.73,53.26,1311,1054,1.24,8.16,59766,1,2,2,2,4,1,4,3,1,4,2.2,2.6,2.32
113,G19011300030063,252.25,72.43,244.46,237.74,2.3,1517,670,2.27,42.78,92625,1,3,2,2,4,1,1,2,4,3,2.4,2.2,2.34
